[{"model": "posts.group", "pk": 1, "fields": {"title": "man", "slug": "man", "description": "all of man"}}, {"model": "posts.group", "pk": 2, "fields": {"title": "women", "slug": "women", "description": "all of women"}}, {"model": "posts.group", "pk": 3, "fields": {"title": "child", "slug": "child", "description": "all of children"}}, {"model": "contenttypes.contenttype", "pk": 1, "fields": {"app_label": "posts", "model": "group"}}, {"model": "contenttypes.contenttype", "pk": 2, "fields": {"app_label": "posts", "model": "post"}}, {"model": "contenttypes.contenttype", "pk": 3, "fields": {"app_label": "admin", "model": "logentry"}}, {"model": "contenttypes.contenttype", "pk": 4, "fields": {"app_label": "auth", "model": "permission"}}, {"model": "contenttypes.contenttype", "pk": 5, "fields": {"app_label": "auth", "model": "group"}}, {"model": "contenttypes.contenttype", "pk": 6, "fields": {"app_label": "auth", "model": "user"}}, {"model": "contenttypes.contenttype", "pk": 7, "fields": {"app_label": "contenttypes", "model": "contenttype"}}, {"model": "contenttypes.contenttype", "pk": 8, "fields": {"app_label": "sessions", "model": "session"}}, {"model": "contenttypes.contenttype", "pk": 9, "fields": {"app_label": "thumbnail", "model": "kvstore"}}, {"model": "contenttypes.contenttype", "pk": 10, "fields": {"app_label": "posts", "model": "comment"}}, {"model": "contenttypes.contenttype", "pk": 11, "fields": {"app_label": "posts", "model": "follow"}}, {"model": "sessions.session", "pk": "a05m3y9h9x6756yxazibxn3frixtepse", "fields": {"session_data": "MGUyOWQ2ZWFkZmI0ZmU3NGZkNzI2OWQzZTI3YzVhZWQ3ZjljMzkwMDp7fQ==", "expire_date": "2021-02-22T08:47:24.328Z"}}, {"model": "sessions.session", "pk": "crdpzubnwydl3igz8impohjhs5czzh8a", "fields": {"session_data": "NzBiNTkxM2U3MzY3ODUwODBmNmJkNzAyNDIxNTgxYmFmOWRmMmY4YTp7Il9hdXRoX3VzZXJfaWQiOiIyIiwiX2F1dGhfdXNlcl9iYWNrZW5kIjoiZGphbmdvLmNvbnRyaWIuYXV0aC5iYWNrZW5kcy5Nb2RlbEJhY2tlbmQiLCJfYXV0aF91c2VyX2hhc2giOiJmMDM3NWM5OTUyZjgwMjVjODQyOGMzNGE4MTI3NjBiMDk2OGJmNjFjIn0=", "expire_date": "2021-03-26T13:53:17.208Z"}}, {"model": "sessions.session", "pk": "oe81rl0a5lh85l4dnu6ifa7tehdqphdz", "fields": {"session_data": "MDEwNWRhMWYzNjJjNjAwY2Q3NDk1MzJkZmZiNTA3ZjViYmJhZDRkMzp7Il9hdXRoX3VzZXJfaWQiOiIxIiwiX2F1dGhfdXNlcl9iYWNrZW5kIjoiZGphbmdvLmNvbnRyaWIuYXV0aC5iYWNrZW5kcy5Nb2RlbEJhY2tlbmQiLCJfYXV0aF91c2VyX2hhc2giOiIwOGQ5ZmI2NTA5NWQ3YTQyZGI5ODM4MzQwOGY1ZmVhZmYxYTc5ZGMwIn0=", "expire_date": "2021-01-22T21:11:59.923Z"}}, {"model": "sessions.session", "pk": "sf2ijhyqpc6mjwqi9sfpsz8rspague5n", "fields": {"session_data": "MGUyOWQ2ZWFkZmI0ZmU3NGZkNzI2OWQzZTI3YzVhZWQ3ZjljMzkwMDp7fQ==", "expire_date": "2021-02-22T08:51:49.159Z"}}, {"model": "sessions.session", "pk": "zjjalzsqc31vnpdswfh55xuoj8pz6j1q", "fields": {"session_data": "M2ZhOThkZWI4MGYwYWY5NGJlNWZhMDBhMGU1MWJiMDZlOGVmNGYwZjp7Il9hdXRoX3VzZXJfaWQiOiIxIiwiX2F1dGhfdXNlcl9iYWNrZW5kIjoiZGphbmdvLmNvbnRyaWIuYXV0aC5iYWNrZW5kcy5Nb2RlbEJhY2tlbmQiLCJfYXV0aF91c2VyX2hhc2giOiI5ZmJkOGNmNzU5ZWUyNTU1YmU4ODM1OWFmNjFjZjQxYmYzOTIzOGMwIn0=", "expire_date": "2021-08-23T20:20:29.833Z"}}, {"model": "thumbnail.kvstore", "pk": "sorl-thumbnail||image||0664cbae4f82515d2b18690ace8c7329", "fields": {"value": "{\"name\": \"posts/ph4166ql1ry11.jpg\", \"storage\": \"django.core.files.storage.FileSystemStorage\", \"size\": [4032, 3024]}"}}, {"model": "thumbnail.kvstore", "pk": "sorl-thumbnail||image||616bb2560af6605d216fa0e37029af7f", "fields": {"value": "{\"name\": \"cache/09/d6/09d6eadc5b8a2df8eda7cbbe381ca3b8.jpg\", \"storage\": \"django.core.files.storage.FileSystemStorage\", \"size\": [960, 339]}"}}, {"model": "thumbnail.kvstore", "pk": "sorl-thumbnail||image||f794c6887e244ec2f40b13ff72715744", "fields": {"value": "{\"name\": \"cache/00/70/00704a37358b4a897c41527325bdd321.jpg\", \"storage\": \"django.core.files.storage.FileSystemStorage\", \"size\": [960, 339]}"}}, {"model": "thumbnail.kvstore", "pk": "sorl-thumbnail||image||fac9477f1a65315b09b56f3545ae31df", "fields": {"value": "{\"name\": \"posts/file1542268886.jpg\", \"storage\": \"django.core.files.storage.FileSystemStorage\", \"size\": [1000, 1000]}"}}, {"model": "thumbnail.kvstore", "pk": "sorl-thumbnail||thumbnails||0664cbae4f82515d2b18690ace8c7329", "fields": {"value": "[\"f794c6887e244ec2f40b13ff72715744\"]"}}, {"model": "thumbnail.kvstore", "pk": "sorl-thumbnail||thumbnails||fac9477f1a65315b09b56f3545ae31df", "fields": {"value": "[\"616bb2560af6605d216fa0e37029af7f\"]"}}, {"model": "auth.permission", "pk": 1, "fields": {"name": "Can add group", "content_type": 1, "codename": "add_group"}}, {"model": "auth.permission", "pk": 2, "fields": {"name": "Can change group", "content_type": 1, "codename": "change_group"}}, {"model": "auth.permission", "pk": 3, "fields": {"name": "Can delete group", "content_type": 1, "codename": "delete_group"}}, {"model": "auth.permission", "pk": 4, "fields": {"name": "Can view group", "content_type": 1, "codename": "view_group"}}, {"model": "auth.permission", "pk": 5, "fields": {"name": "Can add post", "content_type": 2, "codename": "add_post"}}, {"model": "auth.permission", "pk": 6, "fields": {"name": "Can change post", "content_type": 2, "codename": "change_post"}}, {"model": "auth.permission", "pk": 7, "fields": {"name": "Can delete post", "content_type": 2, "codename": "delete_post"}}, {"model": "auth.permission", "pk": 8, "fields": {"name": "Can view post", "content_type": 2, "codename": "view_post"}}, {"model": "auth.permission", "pk": 9, "fields": {"name": "Can add log entry", "content_type": 3, "codename": "add_logentry"}}, {"model": "auth.permission", "pk": 10, "fields": {"name": "Can change log entry", "content_type": 3, "codename": "change_logentry"}}, {"model": "auth.permission", "pk": 11, "fields": {"name": "Can delete log entry", "content_type": 3, "codename": "delete_logentry"}}, {"model": "auth.permission", "pk": 12, "fields": {"name": "Can view log entry", "content_type": 3, "codename": "view_logentry"}}, {"model": "auth.permission", "pk": 13, "fields": {"name": "Can add permission", "content_type": 4, "codename": "add_permission"}}, {"model": "auth.permission", "pk": 14, "fields": {"name": "Can change permission", "content_type": 4, "codename": "change_permission"}}, {"model": "auth.permission", "pk": 15, "fields": {"name": "Can delete permission", "content_type": 4, "codename": "delete_permission"}}, {"model": "auth.permission", "pk": 16, "fields": {"name": "Can view permission", "content_type": 4, "codename": "view_permission"}}, {"model": "auth.permission", "pk": 17, "fields": {"name": "Can add group", "content_type": 5, "codename": "add_group"}}, {"model": "auth.permission", "pk": 18, "fields": {"name": "Can change group", "content_type": 5, "codename": "change_group"}}, {"model": "auth.permission", "pk": 19, "fields": {"name": "Can delete group", "content_type": 5, "codename": "delete_group"}}, {"model": "auth.permission", "pk": 20, "fields": {"name": "Can view group", "content_type": 5, "codename": "view_group"}}, {"model": "auth.permission", "pk": 21, "fields": {"name": "Can add user", "content_type": 6, "codename": "add_user"}}, {"model": "auth.permission", "pk": 22, "fields": {"name": "Can change user", "content_type": 6, "codename": "change_user"}}, {"model": "auth.permission", "pk": 23, "fields": {"name": "Can delete user", "content_type": 6, "codename": "delete_user"}}, {"model": "auth.permission", "pk": 24, "fields": {"name": "Can view user", "content_type": 6, "codename": "view_user"}}, {"model": "auth.permission", "pk": 25, "fields": {"name": "Can add content type", "content_type": 7, "codename": "add_contenttype"}}, {"model": "auth.permission", "pk": 26, "fields": {"name": "Can change content type", "content_type": 7, "codename": "change_contenttype"}}, {"model": "auth.permission", "pk": 27, "fields": {"name": "Can delete content type", "content_type": 7, "codename": "delete_contenttype"}}, {"model": "auth.permission", "pk": 28, "fields": {"name": "Can view content type", "content_type": 7, "codename": "view_contenttype"}}, {"model": "auth.permission", "pk": 29, "fields": {"name": "Can add session", "content_type": 8, "codename": "add_session"}}, {"model": "auth.permission", "pk": 30, "fields": {"name": "Can change session", "content_type": 8, "codename": "change_session"}}, {"model": "auth.permission", "pk": 31, "fields": {"name": "Can delete session", "content_type": 8, "codename": "delete_session"}}, {"model": "auth.permission", "pk": 32, "fields": {"name": "Can view session", "content_type": 8, "codename": "view_session"}}, {"model": "auth.permission", "pk": 33, "fields": {"name": "Can add kv store", "content_type": 9, "codename": "add_kvstore"}}, {"model": "auth.permission", "pk": 34, "fields": {"name": "Can change kv store", "content_type": 9, "codename": "change_kvstore"}}, {"model": "auth.permission", "pk": 35, "fields": {"name": "Can delete kv store", "content_type": 9, "codename": "delete_kvstore"}}, {"model": "auth.permission", "pk": 36, "fields": {"name": "Can view kv store", "content_type": 9, "codename": "view_kvstore"}}, {"model": "auth.permission", "pk": 37, "fields": {"name": "Can add \u041a\u043e\u043c\u043c\u0435\u043d\u0442\u0430\u0440\u0438\u0439", "content_type": 10, "codename": "add_comment"}}, {"model": "auth.permission", "pk": 38, "fields": {"name": "Can change \u041a\u043e\u043c\u043c\u0435\u043d\u0442\u0430\u0440\u0438\u0439", "content_type": 10, "codename": "change_comment"}}, {"model": "auth.permission", "pk": 39, "fields": {"name": "Can delete \u041a\u043e\u043c\u043c\u0435\u043d\u0442\u0430\u0440\u0438\u0439", "content_type": 10, "codename": "delete_comment"}}, {"model": "auth.permission", "pk": 40, "fields": {"name": "Can view \u041a\u043e\u043c\u043c\u0435\u043d\u0442\u0430\u0440\u0438\u0439", "content_type": 10, "codename": "view_comment"}}, {"model": "auth.permission", "pk": 41, "fields": {"name": "Can add \u041f\u043e\u0434\u043f\u0438\u0441\u043a\u0430", "content_type": 11, "codename": "add_follow"}}, {"model": "auth.permission", "pk": 42, "fields": {"name": "Can change \u041f\u043e\u0434\u043f\u0438\u0441\u043a\u0430", "content_type": 11, "codename": "change_follow"}}, {"model": "auth.permission", "pk": 43, "fields": {"name": "Can delete \u041f\u043e\u0434\u043f\u0438\u0441\u043a\u0430", "content_type": 11, "codename": "delete_follow"}}, {"model": "auth.permission", "pk": 44, "fields": {"name": "Can view \u041f\u043e\u0434\u043f\u0438\u0441\u043a\u0430", "content_type": 11, "codename": "view_follow"}}, {"model": "auth.user", "pk": 1, "fields": {"password": "pbkdf2_sha256$150000$Sdc2D9caDWW5$gImVhU9nEw1eqCCjGlreVhBSrT69wvG+Lis+W1CkJBs=", "last_login": "2021-08-09T20:20:29.589Z", "is_superuser": true, "username": "admin", "first_name": "", "last_name": "", "email": "gnom213@yandex.ru", "is_staff": true, "is_active": true, "date_joined": "2021-01-08T21:11:49.403Z", "groups": [], "user_permissions": []}}, {"model": "auth.user", "pk": 2, "fields": {"password": "pbkdf2_sha256$150000$4sNW8SzeNToh$yo6W8aEHhRw93eddwVQ4j2FPDdtgPHlUgUvsJLulW90=", "last_login": "2021-03-12T13:53:16.966Z", "is_superuser": false, "username": "opozing", "first_name": "\u0441\u0435\u0440\u0433\u0435\u0439", "last_name": "\u0443\u0441\u0442\u0438\u043d\u043e\u0432", "email": "gnom213@yandex.ru", "is_staff": false, "is_active": true, "date_joined": "2021-01-17T16:18:53.877Z", "groups": [], "user_permissions": []}}, {"model": "auth.user", "pk": 3, "fields": {"password": "pbkdf2_sha256$150000$9TRSJRMRRDxJ$jl7apgPxJsLbFrAsrGQwKBIysz1sbhjEqKVjab517zE=", "last_login": null, "is_superuser": false, "username": "3", "first_name": "1", "last_name": "23", "email": "gnom213@yandex.ru", "is_staff": false, "is_active": true, "date_joined": "2021-01-17T16:25:33.845Z", "groups": [], "user_permissions": []}}, {"model": "auth.user", "pk": 4, "fields": {"password": "pbkdf2_sha256$150000$ugC579k8YSit$hsiWHzgePvhkvnPiViIx+elPofI1xeferrT3A+a8Az4=", "last_login": null, "is_superuser": false, "username": "43", "first_name": "1", "last_name": "khg", "email": "gnom213@yandex.ru", "is_staff": false, "is_active": true, "date_joined": "2021-01-17T16:32:06.996Z", "groups": [], "user_permissions": []}}, {"model": "auth.user", "pk": 5, "fields": {"password": "pbkdf2_sha256$150000$bohDrlwmaRwt$kq7oPpMpOSA4qkhLg4X/nfLyqAYEim6oFETnP6PTY4w=", "last_login": null, "is_superuser": false, "username": "dsd", "first_name": "12", "last_name": "123", "email": "gnom213@yandex.ru", "is_staff": false, "is_active": true, "date_joined": "2021-01-17T16:34:02.826Z", "groups": [], "user_permissions": []}}, {"model": "auth.user", "pk": 6, "fields": {"password": "!UcygIUUn9blGCLytd6KwnzABlr08vtHsjMXmFZz2", "last_login": null, "is_superuser": false, "username": "sergey", "first_name": "", "last_name": "", "email": "", "is_staff": false, "is_active": true, "date_joined": "2021-02-06T09:26:15.024Z", "groups": [], "user_permissions": []}}, {"model": "auth.user", "pk": 7, "fields": {"password": "!LnX6mfB7NqkcnFt8y3IjBaY3i7B9An8I0dP5ekxr", "last_login": null, "is_superuser": false, "username": "serge", "first_name": "", "last_name": "", "email": "", "is_staff": false, "is_active": true, "date_joined": "2021-02-06T09:39:57.050Z", "groups": [], "user_permissions": []}}, {"model": "auth.user", "pk": 8, "fields": {"password": "pbkdf2_sha256$150000$XkRnzQ3foKAG$wXDDiOAh8RwpRhO0Rtfd1rndL3BO2aZvwO9+756tXPQ=", "last_login": "2021-02-19T08:03:58.238Z", "is_superuser": false, "username": "zinger", "first_name": "\u0441\u0435\u0440\u0433\u0435\u0439", "last_name": "", "email": "gnom213@yandex.ru", "is_staff": false, "is_active": true, "date_joined": "2021-02-11T10:36:55.299Z", "groups": [], "user_permissions": []}}, {"model": "auth.user", "pk": 9, "fields": {"password": "pbkdf2_sha256$150000$wVQyvvXNohz8$mr09T2Ulg3xPcpwXN94AsZAnw5zrBzdT2uFqSnLXyHo=", "last_login": "2021-02-27T19:41:31.987Z", "is_superuser": false, "username": "etu5", "first_name": "qewgs", "last_name": "ew", "email": "gnom213@yandex.ru", "is_staff": false, "is_active": true, "date_joined": "2021-02-22T20:30:06.412Z", "groups": [], "user_permissions": []}}, {"model": "admin.logentry", "pk": 1, "fields": {"action_time": "2021-01-10T23:01:26.841Z", "user": 1, "content_type": 1, "object_id": "1", "object_repr": "man", "action_flag": 1, "change_message": "[{\"added\": {}}]"}}, {"model": "admin.logentry", "pk": 2, "fields": {"action_time": "2021-01-10T23:01:45.129Z", "user": 1, "content_type": 1, "object_id": "1", "object_repr": "man", "action_flag": 2, "change_message": "[{\"changed\": {\"fields\": [\"slug\"]}}]"}}, {"model": "admin.logentry", "pk": 3, "fields": {"action_time": "2021-01-10T23:02:09.186Z", "user": 1, "content_type": 1, "object_id": "2", "object_repr": "women", "action_flag": 1, "change_message": "[{\"added\": {}}]"}}, {"model": "admin.logentry", "pk": 4, "fields": {"action_time": "2021-01-10T23:02:54.150Z", "user": 1, "content_type": 2, "object_id": "1", "object_repr": "Post object (1)", "action_flag": 1, "change_message": "[{\"added\": {}}]"}}, {"model": "admin.logentry", "pk": 5, "fields": {"action_time": "2021-01-10T23:03:29.058Z", "user": 1, "content_type": 2, "object_id": "2", "object_repr": "Post object (2)", "action_flag": 1, "change_message": "[{\"added\": {}}]"}}, {"model": "admin.logentry", "pk": 6, "fields": {"action_time": "2021-01-12T10:43:48.584Z", "user": 1, "content_type": 2, "object_id": "3", "object_repr": "Post object (3)", "action_flag": 1, "change_message": "[{\"added\": {}}]"}}, {"model": "admin.logentry", "pk": 7, "fields": {"action_time": "2021-01-12T15:47:56.055Z", "user": 1, "content_type": 1, "object_id": "3", "object_repr": "Group object (3)", "action_flag": 1, "change_message": "[{\"added\": {}}]"}}, {"model": "posts.follow", "pk": 11, "fields": {"user": 9, "author": 2}}, {"model": "posts.follow", "pk": 12, "fields": {"user": 9, "author": 8}}, {"model": "posts.follow", "pk": 24, "fields": {"user": 2, "author": 9}}, {"model": "posts.follow", "pk": 26, "fields": {"user": 1, "author": 2}}, {"model": "posts.follow", "pk": 27, "fields": {"user": 1, "author": 9}}, {"model": "posts.comment", "pk": 1, "fields": {"post": 44, "author": 2, "text": "\u043b\u043e\u043b\u043e\u044b\u0432\u0430", "created": "2021-02-25T14:00:38.249Z"}}, {"model": "posts.comment", "pk": 2, "fields": {"post": 44, "author": 2, "text": "\u043f\u043f\u0434\u0436\u0434", "created": "2021-02-25T14:02:43.921Z"}}, {"model": "posts.comment", "pk": 3, "fields": {"post": 50, "author": 2, "text": "jksjhkj", "created": "2021-02-25T14:52:28.337Z"}}, {"model": "posts.comment", "pk": 4, "fields": {"post": 44, "author": 2, "text": "another one", "created": "2021-02-25T15:03:58.885Z"}}, {"model": "posts.comment", "pk": 5, "fields": {"post": 44, "author": 2, "text": "khk", "created": "2021-02-25T15:23:51.425Z"}}, {"model": "posts.comment", "pk": 6, "fields": {"post": 44, "author": 2, "text": "hhhhhhhhhhhhhhhhhhhhhhhhhhhhhhhhhhhhhhhhhhhhhhhhhhhhhhhhhhhhhhhhhhhhhhhhhhhhhhhhhhhhhhhhhhhhhhhhhhhhhhhhhhhhhhhhhhhhhhhhhhhhhhhhhhhhhhhhhhhhhhhhhhhhhhhhhhhhhhhhhhhhhhhhhhhhhhhhhhhhhhhhhhhhhhhhhhhhhhhhhhhhhhhhhhhhhhhhhhhhhhhhhhhhhhhhhhhhhhhhhhhhhhhhhhhhhhhhhhhhhhhhhhhhhhhhhhhhhhhhhhh", "created": "2021-02-25T15:27:54.479Z"}}, {"model": "posts.comment", "pk": 7, "fields": {"post": 44, "author": 2, "text": "1111111111111111111111111111111111111111111111111111111111111111111111111111111111111", "created": "2021-02-25T15:32:59.767Z"}}, {"model": "posts.comment", "pk": 8, "fields": {"post": 44, "author": 2, "text": "555555555555555555555555555555555555555555555555555555555555555555555555555555555555555555555555555555555555555555555555555555555555555555555555555", "created": "2021-02-25T15:33:09.340Z"}}, {"model": "posts.comment", "pk": 9, "fields": {"post": 44, "author": 2, "text": "44444444444444444444444444444444444444444444444444444444444444444444444444444444444444444444444444444444444444444444", "created": "2021-02-25T15:34:01.465Z"}}, {"model": "posts.comment", "pk": 10, "fields": {"post": 44, "author": 2, "text": "\u043e\u0440\u043b", "created": "2021-02-25T15:38:57.014Z"}}, {"model": "posts.comment", "pk": 11, "fields": {"post": 43, "author": 2, "text": "151551", "created": "2021-02-25T15:43:32.205Z"}}, {"model": "posts.comment", "pk": 12, "fields": {"post": 53, "author": 9, "text": "kjhk", "created": "2021-02-27T23:25:34.552Z"}}, {"model": "posts.comment", "pk": 13, "fields": {"post": 52, "author": 2, "text": "kjkkkk", "created": "2021-02-28T15:43:20.247Z"}}, {"model": "posts.comment", "pk": 14, "fields": {"post": 53, "author": 2, "text": "kjlkj", "created": "2021-02-28T23:38:24.752Z"}}, {"model": "posts.comment", "pk": 15, "fields": {"post": 53, "author": 2, "text": "\u0434\u043b\u043e\u0434\u043b\u043e", "created": "2021-03-01T16:37:19.135Z"}}, {"model": "posts.comment", "pk": 16, "fields": {"post": 54, "author": 2, "text": "kajhsdkjhakjsd", "created": "2021-03-03T23:26:45.004Z"}}, {"model": "posts.comment", "pk": 17, "fields": {"post": 54, "author": 2, "text": "\u044c\u0442\u0431\u044c\u0442\u0431", "created": "2021-03-04T07:22:52.459Z"}}, {"model": "posts.comment", "pk": 18, "fields": {"post": 54, "author": 2, "text": "2222222", "created": "2021-03-04T07:26:08.489Z"}}, {"model": "posts.comment", "pk": 19, "fields": {"post": 54, "author": 2, "text": "3333333333", "created": "2021-03-04T07:26:12.156Z"}}, {"model": "posts.comment", "pk": 20, "fields": {"post": 54, "author": 2, "text": "\u0432\u0430\u044b\u0432\u0430\u044b\u0432", "created": "2021-03-04T14:48:41.259Z"}}, {"model": "posts.comment", "pk": 21, "fields": {"post": 54, "author": 2, "text": "123", "created": "2021-03-04T14:48:52.736Z"}}, {"model": "posts.comment", "pk": 22, "fields": {"post": 54, "author": 2, "text": "333333333", "created": "2021-03-06T10:55:36.975Z"}}, {"model": "posts.comment", "pk": 23, "fields": {"post": 54, "author": 2, "text": "00000000000000", "created": "2021-03-06T10:57:49.427Z"}}, {"model": "posts.comment", "pk": 24, "fields": {"post": 55, "author": 2, "text": "\u0430\u0443\u0444", "created": "2021-03-09T18:03:05.357Z"}}, {"model": "posts.post", "pk": 1, "fields": {"text": "123123", "pub_date": "2021-01-10T23:02:54.145Z", "author": 1, "group": 1, "image": ""}}, {"model": "posts.post", "pk": 2, "fields": {"text": "321321", "pub_date": "2021-01-10T23:03:29.053Z", "author": 1, "group": 2, "image": ""}}, {"model": "posts.post", "pk": 3, "fields": {"text": "test", "pub_date": "2021-01-12T10:43:48.583Z", "author": 1, "group": 1, "image": ""}}, {"model": "posts.post", "pk": 5, "fields": {"text": "\u044f \u0438\u0437\u043c\u0435\u043d\u0438\u043b \u044d\u0442\u043e\u0442 \u043e\u0431\u044c\u0435\u043a\u0442", "pub_date": "2021-01-14T10:46:53.646Z", "author": 1, "group": null, "image": ""}}, {"model": "posts.post", "pk": 6, "fields": {"text": "oops, i did it again", "pub_date": "2021-01-14T10:48:16.671Z", "author": 1, "group": null, "image": ""}}, {"model": "posts.post", "pk": 7, "fields": {"text": "\u0423\u0442\u043e\u043c\u044a \u0433\u043e\u043b\u044c\u0434\u044a \u0414\u0435\u0440\u0441\u0443 \u0423\u0437\u043d\u0430\u043b\u0430 \u043d\u0430 \u043f\u043e\u0432\u0442\u043e\u0440\u043d\u043e \u0437\u0430\u0434\u0430\u043d\u043d\u044b\u0439", "pub_date": "2021-01-14T10:50:40.574Z", "author": 1, "group": null, "image": ""}}, {"model": "posts.post", "pk": 8, "fields": {"text": "aza", "pub_date": "2021-01-25T18:29:41.434Z", "author": 1, "group": null, "image": ""}}, {"model": "posts.post", "pk": 9, "fields": {"text": "\u0444\u044b\u0444", "pub_date": "2021-01-27T12:05:24.175Z", "author": 1, "group": 2, "image": ""}}, {"model": "posts.post", "pk": 10, "fields": {"text": "khkj;lk;k;lk;l", "pub_date": "2021-01-27T17:19:05.858Z", "author": 2, "group": 1, "image": ""}}, {"model": "posts.post", "pk": 11, "fields": {"text": "kjhk", "pub_date": "2021-01-27T17:19:36.828Z", "author": 2, "group": null, "image": ""}}, {"model": "posts.post", "pk": 12, "fields": {"text": "test", "pub_date": "2021-02-08T08:54:30.152Z", "author": 1, "group": null, "image": ""}}, {"model": "posts.post", "pk": 13, "fields": {"text": "\u0444\u044b\u0432\u0444", "pub_date": "2021-02-10T07:54:16.975Z", "author": 1, "group": 1, "image": ""}}, {"model": "posts.post", "pk": 14, "fields": {"text": "\u044b\u0434\u043b\u0432\u0434", "pub_date": "2021-02-10T07:54:32.652Z", "author": 1, "group": 1, "image": ""}}, {"model": "posts.post", "pk": 15, "fields": {"text": "\u0436\u0444\u0434\u044b\u043b\u0436\u0432\u0434\u0444", "pub_date": "2021-02-10T07:54:40.168Z", "author": 1, "group": 1, "image": ""}}, {"model": "posts.post", "pk": 16, "fields": {"text": "\u043b\u043e\u043b\u043e\u0430\u043b", "pub_date": "2021-02-10T07:54:51.492Z", "author": 1, "group": 1, "image": ""}}, {"model": "posts.post", "pk": 17, "fields": {"text": "\u0439\u0446\u0430\u0443\u043f\u0446\u0443\u0432\u0440\u0432\u043f\u044b", "pub_date": "2021-02-10T07:54:56.628Z", "author": 1, "group": 1, "image": ""}}, {"model": "posts.post", "pk": 18, "fields": {"text": "sdvlkj", "pub_date": "2021-02-10T07:55:23.036Z", "author": 1, "group": 1, "image": ""}}, {"model": "posts.post", "pk": 19, "fields": {"text": "kjhvdskaj", "pub_date": "2021-02-10T07:55:29.524Z", "author": 1, "group": 1, "image": ""}}, {"model": "posts.post", "pk": 20, "fields": {"text": "kjhvdskaj", "pub_date": "2021-02-10T07:55:29.675Z", "author": 1, "group": 1, "image": ""}}, {"model": "posts.post", "pk": 21, "fields": {"text": "kjhvdskaj", "pub_date": "2021-02-10T07:55:29.851Z", "author": 1, "group": 1, "image": ""}}, {"model": "posts.post", "pk": 22, "fields": {"text": "jsakznc,", "pub_date": "2021-02-10T07:55:34.799Z", "author": 1, "group": 1, "image": ""}}, {"model": "posts.post", "pk": 23, "fields": {"text": "fwfsdf", "pub_date": "2021-02-11T10:37:33.398Z", "author": 8, "group": 1, "image": ""}}, {"model": "posts.post", "pk": 24, "fields": {"text": "kjhaskjfha", "pub_date": "2021-02-11T13:46:20.494Z", "author": 2, "group": 1, "image": ""}}, {"model": "posts.post", "pk": 25, "fields": {"text": "fgfh", "pub_date": "2021-02-11T16:34:44.766Z", "author": 2, "group": 2, "image": ""}}, {"model": "posts.post", "pk": 26, "fields": {"text": "kjhkjhkj", "pub_date": "2021-02-11T16:34:53.278Z", "author": 2, "group": 2, "image": ""}}, {"model": "posts.post", "pk": 27, "fields": {"text": "opjlkjhvb", "pub_date": "2021-02-11T16:35:00.687Z", "author": 2, "group": 2, "image": ""}}, {"model": "posts.post", "pk": 28, "fields": {"text": "iouytrdf", "pub_date": "2021-02-11T16:35:07.320Z", "author": 2, "group": 2, "image": ""}}, {"model": "posts.post", "pk": 29, "fields": {"text": "asdfghj", "pub_date": "2021-02-11T16:35:14.163Z", "author": 2, "group": 2, "image": ""}}, {"model": "posts.post", "pk": 30, "fields": {"text": "56tyghjb", "pub_date": "2021-02-11T16:35:21.499Z", "author": 2, "group": 2, "image": ""}}, {"model": "posts.post", "pk": 31, "fields": {"text": "jghhfgdxfchkj", "pub_date": "2021-02-11T16:35:59.168Z", "author": 2, "group": 2, "image": ""}}, {"model": "posts.post", "pk": 32, "fields": {"text": "fghjk", "pub_date": "2021-02-11T16:36:05.140Z", "author": 2, "group": 2, "image": ""}}, {"model": "posts.post", "pk": 33, "fields": {"text": "11", "pub_date": "2021-02-11T21:13:35.654Z", "author": 2, "group": null, "image": ""}}, {"model": "posts.post", "pk": 34, "fields": {"text": "khkjlkjsdlkfj", "pub_date": "2021-02-12T10:56:28.538Z", "author": 2, "group": 1, "image": ""}}, {"model": "posts.post", "pk": 35, "fields": {"text": "khkj123", "pub_date": "2021-02-12T10:57:37.213Z", "author": 2, "group": 1, "image": ""}}, {"model": "posts.post", "pk": 36, "fields": {"text": "khkj111", "pub_date": "2021-02-12T11:00:01.078Z", "author": 2, "group": 1, "image": ""}}, {"model": "posts.post", "pk": 37, "fields": {"text": "khkj11", "pub_date": "2021-02-12T11:19:14.808Z", "author": 2, "group": 1, "image": ""}}, {"model": "posts.post", "pk": 38, "fields": {"text": "kjhaskjfha123", "pub_date": "2021-02-12T11:19:39.223Z", "author": 2, "group": 1, "image": ""}}, {"model": "posts.post", "pk": 39, "fields": {"text": "kjhaskjfha1233", "pub_date": "2021-02-12T11:20:46.040Z", "author": 2, "group": 1, "image": ""}}, {"model": "posts.post", "pk": 40, "fields": {"text": "kjhaskjfha", "pub_date": "2021-02-12T11:22:11.676Z", "author": 2, "group": 1, "image": ""}}, {"model": "posts.post", "pk": 41, "fields": {"text": "k", "pub_date": "2021-02-12T11:22:47.477Z", "author": 2, "group": 1, "image": ""}}, {"model": "posts.post", "pk": 42, "fields": {"text": "kjhaskjfha", "pub_date": "2021-02-12T11:27:28.890Z", "author": 2, "group": 1, "image": ""}}, {"model": "posts.post", "pk": 43, "fields": {"text": "k", "pub_date": "2021-02-12T11:29:09.864Z", "author": 2, "group": 1, "image": ""}}, {"model": "posts.post", "pk": 44, "fields": {"text": "\u043d\u043e\u0432\u0430\u044f pfgbcm 111111111111111111", "pub_date": "2021-02-12T20:39:39.310Z", "author": 2, "group": 2, "image": ""}}, {"model": "posts.post", "pk": 45, "fields": {"text": "\u043e\u043e\u0440\u043f\u0440\u043e111", "pub_date": "2021-02-19T17:17:36.504Z", "author": 8, "group": 2, "image": ""}}, {"model": "posts.post", "pk": 46, "fields": {"text": "jgznm test 1111111111", "pub_date": "2021-02-19T17:46:29.209Z", "author": 8, "group": 2, "image": ""}}, {"model": "posts.post", "pk": 47, "fields": {"text": "\u043b\u0435\u043d\u044f 321", "pub_date": "2021-02-22T19:59:11.252Z", "author": 8, "group": 1, "image": ""}}, {"model": "posts.post", "pk": 48, "fields": {"text": "33333", "pub_date": "2021-02-22T20:14:31.506Z", "author": 8, "group": 1, "image": ""}}, {"model": "posts.post", "pk": 49, "fields": {"text": "1111", "pub_date": "2021-02-22T20:15:39.665Z", "author": 8, "group": 1, "image": ""}}, {"model": "posts.post", "pk": 50, "fields": {"text": "ytshdgmdk1111", "pub_date": "2021-02-22T20:16:00.396Z", "author": 8, "group": null, "image": ""}}, {"model": "posts.post", "pk": 51, "fields": {"text": "\u043e\u0440\u043f\u043e\u0440\u043f", "pub_date": "2021-02-23T14:17:47.532Z", "author": 9, "group": 1, "image": ""}}, {"model": "posts.post", "pk": 52, "fields": {"text": "jhkjhkjhkjhkjhkjhkjhkjhkhkjhkjhkjhk", "pub_date": "2021-02-23T14:22:53.367Z", "author": 9, "group": 1, "image": ""}}, {"model": "posts.post", "pk": 53, "fields": {"text": "\u0438\u044c\u0442\u0438\u044c 8888888888", "pub_date": "2021-02-27T11:33:01.526Z", "author": 2, "group": 3, "image": ""}}, {"model": "posts.post", "pk": 54, "fields": {"text": "111111111", "pub_date": "2021-03-03T19:27:18.575Z", "author": 2, "group": 2, "image": ""}}, {"model": "posts.post", "pk": 55, "fields": {"text": "fpfp", "pub_date": "2021-03-09T18:02:53.931Z", "author": 2, "group": null, "image": ""}}]